<?xml version="1.0" encoding="UTF-8"?>
<beans xmlns="http://www.springframework.org/schema/beans" xmlns:xsi="http://www.w3.org/2001/XMLSchema-instance"
	xsi:schemaLocation="http://www.springframework.org/schema/beans http://www.springframework.org/schema/beans/spring-beans.xsd">



	<bean id="drds" class="org.springframework.jdbc.datasource.DriverManagerDataSource">
		<property name="driverClassName" value="oracle.jdbc.driver.OracleDriver"></property>
		<property name="url" value="jdbc:oracle:thin:@localhost:1521:Rains" />
		<property name="username" value="spring5" />
		<property name="password" value="nt" />
	</bean>


	<bean id="mdrds" class="org.springframework.jdbc.datasource.DriverManagerDataSource">
		<property name="driverClassName" value="com.mysql.cj.jdbc.Driver"></property>
		<property name="url" value="jdbc:mysql:///Spring5" />
		<property name="username" value="root" />
		<property name="password" value="R007" />
	</bean>

	<!-- employee dao as beans -->
	<bean id="dao" class="com.rains.dao.CustomerDAO">
		<constructor-arg name="drds" ref="mdrds" />
	</bean>



	<!-- employee service class as bean -->
	<bean id="service" class="com.rains.service.CustomerServiceImpl">
		<constructor-arg name="dao" ref="dao"></constructor-arg>
	</bean>




	<!-- controller setting as beans -->
	<bean id="controller" class="com.rains.controller.Controller">
		<constructor-arg name="service" ref="service" />
	</bean>

</beans>
